x,y,diameter,name
552.0,208.0,45.520695,Maçã
557.0,136.0,79.75247,Banana
513.0,242.0,56.19957,Jaca
71.0,44.0,76.60011,Lichia
88.0,250.0,74.17157,Fruta do conde
204.0,63.0,46.993263,Pitaia
305.0,168.0,55.814873,Uva
